[{"model": "admin.logentry", "pk": 1, "fields": {"action_time": "2021-05-04T19:26:51.067Z", "user": 1, "content_type": 7, "object_id": "1", "object_repr": "woodford3d.example.com", "action_flag": 2, "change_message": "[{\"changed\": {\"fields\": [\"Domain name\", \"Display name\"]}}]"}}, {"model": "admin.logentry", "pk": 2, "fields": {"action_time": "2021-05-04T19:34:40.414Z", "user": 1, "content_type": 8, "object_id": "1", "object_repr": "seangilleece@gmail.com", "action_flag": 2, "change_message": "[{\"changed\": {\"fields\": [\"Verified\", \"Primary\"]}}]"}}, {"model": "admin.logentry", "pk": 3, "fields": {"action_time": "2021-05-15T14:27:43.249Z", "user": 1, "content_type": 13, "object_id": "9", "object_repr": "Dark Fantasy Dice Tower", "action_flag": 2, "change_message": "[{\"changed\": {\"fields\": [\"Has colors\"]}}]"}}, {"model": "admin.logentry", "pk": 4, "fields": {"action_time": "2021-05-15T14:28:29.307Z", "user": 1, "content_type": 13, "object_id": "4", "object_repr": "Drogon Lamp", "action_flag": 2, "change_message": "[{\"changed\": {\"fields\": [\"Description\", \"Has colors\"]}}]"}}, {"model": "admin.logentry", "pk": 5, "fields": {"action_time": "2021-05-15T14:28:37.763Z", "user": 1, "content_type": 13, "object_id": "11", "object_repr": "Joycon Grips", "action_flag": 2, "change_message": "[{\"changed\": {\"fields\": [\"Has colors\"]}}]"}}, {"model": "admin.logentry", "pk": 6, "fields": {"action_time": "2021-05-15T14:28:43.851Z", "user": 1, "content_type": 13, "object_id": "10", "object_repr": "Keep Dice Tower", "action_flag": 2, "change_message": "[{\"changed\": {\"fields\": [\"Has colors\"]}}]"}}, {"model": "admin.logentry", "pk": 7, "fields": {"action_time": "2021-05-15T14:29:12.336Z", "user": 1, "content_type": 13, "object_id": "6", "object_repr": "Meander Lamp", "action_flag": 2, "change_message": "[{\"changed\": {\"fields\": [\"Description\", \"Has colors\"]}}]"}}, {"model": "admin.logentry", "pk": 8, "fields": {"action_time": "2021-05-15T14:29:31.014Z", "user": 1, "content_type": 13, "object_id": "8", "object_repr": "Staircase Dice Tower", "action_flag": 2, "change_message": "[{\"changed\": {\"fields\": [\"Has colors\"]}}]"}}, {"model": "admin.logentry", "pk": 9, "fields": {"action_time": "2021-05-15T14:30:16.324Z", "user": 1, "content_type": 13, "object_id": "3", "object_repr": "Collosal Titan Monitor Accessory", "action_flag": 2, "change_message": "[{\"changed\": {\"fields\": [\"Description\"]}}]"}}, {"model": "admin.logentry", "pk": 10, "fields": {"action_time": "2021-05-17T18:02:00.305Z", "user": 1, "content_type": 14, "object_id": "5", "object_repr": "819B4CD57DC44A8FAF2B54AFC41C2743", "action_flag": 3, "change_message": ""}}, {"model": "admin.logentry", "pk": 11, "fields": {"action_time": "2021-05-17T18:02:00.331Z", "user": 1, "content_type": 14, "object_id": "4", "object_repr": "323E392AF2B44550A37289146F522DE9", "action_flag": 3, "change_message": ""}}, {"model": "admin.logentry", "pk": 12, "fields": {"action_time": "2021-05-17T18:02:00.352Z", "user": 1, "content_type": 14, "object_id": "3", "object_repr": "A0EE73C9662948CEB2E36CEE99CBB12A", "action_flag": 3, "change_message": ""}}, {"model": "admin.logentry", "pk": 13, "fields": {"action_time": "2021-05-17T18:02:00.373Z", "user": 1, "content_type": 14, "object_id": "2", "object_repr": "290C67ECAB4B477DBC3A79E6F6906062", "action_flag": 3, "change_message": ""}}, {"model": "admin.logentry", "pk": 14, "fields": {"action_time": "2021-05-17T18:02:00.393Z", "user": 1, "content_type": 14, "object_id": "1", "object_repr": "4C1D8DD6C7F247DA8B8BCFB8DC7226F5", "action_flag": 3, "change_message": ""}}, {"model": "admin.logentry", "pk": 15, "fields": {"action_time": "2021-05-18T13:34:59.385Z", "user": 1, "content_type": 13, "object_id": "13", "object_repr": "Spaghetti Monster", "action_flag": 3, "change_message": ""}}, {"model": "admin.logentry", "pk": 16, "fields": {"action_time": "2021-05-20T13:43:32.863Z", "user": 1, "content_type": 17, "object_id": "1", "object_repr": "Post object (1)", "action_flag": 1, "change_message": "[{\"added\": {}}]"}}, {"model": "admin.logentry", "pk": 17, "fields": {"action_time": "2021-05-20T13:43:57.712Z", "user": 1, "content_type": 17, "object_id": "2", "object_repr": "Post object (2)", "action_flag": 1, "change_message": "[{\"added\": {}}]"}}, {"model": "admin.logentry", "pk": 18, "fields": {"action_time": "2021-05-20T14:01:03.291Z", "user": 1, "content_type": 4, "object_id": "1", "object_repr": "Admin", "action_flag": 2, "change_message": "[{\"changed\": {\"fields\": [\"Email address\"]}}]"}}, {"model": "admin.logentry", "pk": 19, "fields": {"action_time": "2021-05-20T15:11:45.723Z", "user": 1, "content_type": 17, "object_id": "1", "object_repr": "Test blog", "action_flag": 2, "change_message": "[{\"changed\": {\"fields\": [\"Image\"]}}]"}}, {"model": "admin.logentry", "pk": 20, "fields": {"action_time": "2021-05-20T15:12:30.057Z", "user": 1, "content_type": 17, "object_id": "3", "object_repr": "test blog 2", "action_flag": 1, "change_message": "[{\"added\": {}}]"}}, {"model": "admin.logentry", "pk": 21, "fields": {"action_time": "2021-05-20T15:50:16.664Z", "user": 1, "content_type": 17, "object_id": "3", "object_repr": "test blog 2", "action_flag": 2, "change_message": "[{\"changed\": {\"fields\": [\"Content\"]}}]"}}, {"model": "admin.logentry", "pk": 22, "fields": {"action_time": "2021-05-20T15:52:41.803Z", "user": 1, "content_type": 17, "object_id": "4", "object_repr": "1 hour - Video Conversation", "action_flag": 1, "change_message": "[{\"added\": {}}]"}}, {"model": "admin.logentry", "pk": 23, "fields": {"action_time": "2021-05-20T15:53:31.001Z", "user": 1, "content_type": 17, "object_id": "5", "object_repr": "Sym VS125 scooter with accessories", "action_flag": 1, "change_message": "[{\"added\": {}}]"}}, {"model": "admin.logentry", "pk": 24, "fields": {"action_time": "2021-05-20T15:53:55.407Z", "user": 1, "content_type": 17, "object_id": "5", "object_repr": "Sym VS125 scooter with accessories", "action_flag": 2, "change_message": "[{\"changed\": {\"fields\": [\"Image\"]}}]"}}, {"model": "admin.logentry", "pk": 25, "fields": {"action_time": "2021-05-20T19:30:54.545Z", "user": 1, "content_type": 4, "object_id": "1", "object_repr": "Admin", "action_flag": 2, "change_message": "[{\"changed\": {\"fields\": [\"password\"]}}]"}}, {"model": "admin.logentry", "pk": 26, "fields": {"action_time": "2021-05-21T17:34:08.788Z", "user": 1, "content_type": 19, "object_id": "1", "object_repr": "first10get50off", "action_flag": 1, "change_message": "[{\"added\": {}}]"}}, {"model": "admin.logentry", "pk": 27, "fields": {"action_time": "2021-05-21T17:34:26.483Z", "user": 1, "content_type": 19, "object_id": "1", "object_repr": "50code", "action_flag": 2, "change_message": "[{\"changed\": {\"fields\": [\"Code\"]}}]"}}, {"model": "auth.user", "pk": 1, "fields": {"password": "pbkdf2_sha256$260000$bqVGAU2ZVtabRTGaIN3Hjf$OuuXmG1LUTJKI40rWsVao+GokKSLm8QKYdZCmEDLRME=", "last_login": "2021-05-21T19:59:07.264Z", "is_superuser": true, "username": "Admin", "first_name": "", "last_name": "", "email": "seangilleece@protonmail.com", "is_staff": true, "is_active": true, "date_joined": "2021-05-04T19:04:56Z", "groups": [], "user_permissions": []}}, {"model": "auth.user", "pk": 2, "fields": {"password": "pbkdf2_sha256$260000$heoqokctfaQhB1Vy4ulJQ2$RKXaLbUY+b4XV8a+VFw0SoTBneGDiAM2sJ69LFVFeM8=", "last_login": "2021-05-18T11:33:07.521Z", "is_superuser": false, "username": "BreadMaster", "first_name": "", "last_name": "", "email": "fake@mail.com", "is_staff": false, "is_active": true, "date_joined": "2021-05-18T11:30:39.984Z", "groups": [], "user_permissions": []}}, {"model": "auth.user", "pk": 3, "fields": {"password": "pbkdf2_sha256$260000$fDJbHQxJDebuEXzg1xLJUb$G+L+FHeRlSMtTLZBIaSmqqWylVkb4dQXecOFGm1N+Ig=", "last_login": "2021-05-18T14:27:47.446Z", "is_superuser": false, "username": "rferrante", "first_name": "", "last_name": "", "email": "reuben.ferrante@gmail.com", "is_staff": false, "is_active": true, "date_joined": "2021-05-18T14:27:08.505Z", "groups": [], "user_permissions": []}}, {"model": "auth.user", "pk": 4, "fields": {"password": "pbkdf2_sha256$260000$WH4frgSWx05BHNf33hYgvj$dSHJ14L+xKZlU+Seci4Y25ncWAZrBap1cjKN6Q7cUCw=", "last_login": "2021-05-20T19:46:57.210Z", "is_superuser": true, "username": "tutor", "first_name": "", "last_name": "", "email": "tutor@ci.net", "is_staff": true, "is_active": true, "date_joined": "2021-05-20T19:46:40.379Z", "groups": [], "user_permissions": []}}, {"model": "sessions.session", "pk": "0ahx1ulod1skns2m1fqxst83pr0cxdqy", "fields": {"session_data": "e30:1lixku:geB_BS1ca3B28ZuMWB14Y7RbmxVtNcXCd3gSJfEuUoE", "expire_date": "2021-06-01T11:19:20.526Z"}}, {"model": "sessions.session", "pk": "2ps45qhvjgm3jxi0kodp9bc7kjjkhl4b", "fields": {"session_data": "e30:1liiaw:QPNQcz_fBXnRdoejeTs_9TGO9gAVEHajSHqnplEs0Lc", "expire_date": "2021-05-31T19:08:02.083Z"}}, {"model": "sessions.session", "pk": "55yozljcy2uzb1s57gnlnbucx1a3rbtr", "fields": {"session_data": "e30:1liibE:aAMxTAN1XJnrPEKy-_71W5VsTysR6ZgBgNOiJZtgOnw", "expire_date": "2021-05-31T19:08:20.216Z"}}, {"model": "sessions.session", "pk": "deyyu0i08fkmn50mezoiacpnntimivfj", "fields": {"session_data": "e30:1lixfJ:kLaBKTNJNtSAbdgxint3vMVSNKu9iZjpcPWlizaHMSA", "expire_date": "2021-06-01T11:13:33.292Z"}}, {"model": "sessions.session", "pk": "gf88r1otuiyzk6nxreeivbhfbvy8aiia", "fields": {"session_data": ".eJxVjDsOwjAQBe_iGlnr_5qSnjNY_mxwANlSnFSIu0OkFNC-mXkvFuK21rANWsJc2JlpdvrdUswPajso99hunefe1mVOfFf4QQe_9kLPy-H-HdQ46rdGSlKUqLRNkBEJUGRrUBjQUhMZmbN0k7faCVWc1AIMGjF58MmBSpa9P8ScNoI:1ljodF:agCt1d3ySjECs1y3HkKJRyvfYdSo5mMuypdM-wSS5OM", "expire_date": "2021-06-03T19:46:57.253Z"}}, {"model": "sessions.session", "pk": "l6gc3zm7i54ip3951lh70h562x37h0w0", "fields": {"session_data": "e30:1liibR:Z0BH1ivcdrtwJJXNounPvOQHGF00uFgFKUmO-clkQB0", "expire_date": "2021-05-31T19:08:33.127Z"}}, {"model": "sessions.session", "pk": "llxso743s8tmi1ap6pbmazf6ku5wcbam", "fields": {"session_data": ".eJyrVkpKTFeyqlYyARGZJam5xfFJlfHJ-Tn5RSCRpJzSVCUrw9paHSUL7CrSi1JT86BKDIG0jpKxkpVxbS0ATuEc8A:1lhwOy:IzfEcM_5FDurmxxc0sQ_tf10o5Zx9l_2VqY-HmX8qfQ", "expire_date": "2021-05-29T15:40:28.794Z"}}, {"model": "sessions.session", "pk": "lwl4eb1gfyct4gmyqoabtb6ie62i5hz2", "fields": {"session_data": "e30:1lixf9:l0fjtnjchj1MWT9smMvF_L4qUPdFZEFkciUxXfCKHQE", "expire_date": "2021-06-01T11:13:23.980Z"}}, {"model": "sessions.session", "pk": "qrv2kkhvkq31242ikv4yiabtj7wj461j", "fields": {"session_data": "e30:1lkBRu:f4uvC0W_wiagfAWtatbU1sXwpse9FX5iBejzjNYAEOs", "expire_date": "2021-06-04T20:08:46.889Z"}}, {"model": "sessions.session", "pk": "t4da1c9ar0oe9f8neghptitz7nwq3xxh", "fields": {"session_data": ".eJxljM1qwzAQhN9lz8bIcuzEOvbeZxDS_sRqFSlIdtoQ-u61S6CU7mFY5puZB1R3YxuSZDDiYuUGHGJe02JvXIIEJssXFyKYtMb4S9fKBQz00IB16zL_GDbQf887fOe0A3pz6ZxbzGkpwbd7pH3S2r5m4vjyzP4ZmF2dtzaSJ0KZEI9-PIii7SOi3g-oRA2nUQav5YD6SOQYJ5Zek-4Eu2nsBU_7aOVaQ06WP6-h3MF0Wk2jUg14dwbzgGmXsPClWn-3mGMuu-PjymB0Ax_zBrfa13bfh81rqA:1lj0pZ:ni50bQNFeLPcm8dDMftrcTYjlzxMtxocdn_emsj1OoU", "expire_date": "2021-06-01T14:36:21.924Z"}}, {"model": "sessions.session", "pk": "wgav09874swc0crierdsfn8frac25rq6", "fields": {"session_data": "eyJzYXZlX2luZm8iOmZhbHNlfQ:1ljTk5:kZgfi4Na8VRS9Q4SriyKtHfdL4OznEc05dV5FeicMxU", "expire_date": "2021-06-02T21:28:37.201Z"}}, {"model": "sessions.session", "pk": "wmsjk3xe3atlvcg3xu9r1cezt5m7koem", "fields": {"session_data": "e30:1lixiL:McCrcQOJPyZVdUbJHu-WhX93UjB_rb52DNBIuKxwMsc", "expire_date": "2021-06-01T11:16:41.532Z"}}, {"model": "sessions.session", "pk": "wsxq7oh1d8077537rf6oitofd1phu63e", "fields": {"session_data": "e30:1lixl1:PWF1_57fnMtksnGV2qjOAZyQ7T5Be1eOp1Kr1ohyNZY", "expire_date": "2021-06-01T11:19:27.501Z"}}, {"model": "sessions.session", "pk": "z36e1rook71alabic3lzmrf6m1g9tgfg", "fields": {"session_data": "e30:1liibd:yS_G9pQZmvQoragBJ58GR7vdnmgN-OtQ6wsJKjuOKtw", "expire_date": "2021-05-31T19:08:45.315Z"}}, {"model": "sessions.session", "pk": "zcftifh42q2yh2hrluihjxfqltv5k8kt", "fields": {"session_data": ".eJxVjjsOwyAQRO9CbVn8bSjT5wyIZfEncYxk7CKycveA5CLZ8r2Z0Z7E-WOf3JHj5mYkljDS_DLw4RnXKvDh1zG1Ia37NkNbI-1lc3tPGJfblf0bmHyeSltTybnRjGluIvZo2OCpMkoKQEERfDcYaThQ1Kg7b1ivBgFUdFohDdyUUfAjsWd50PKG9MSyhsgK5j2-soO3C2lJWyWwHLH4T7kv02xHJg:1lhvsN:-Zsc232pG3AkYwj-IlGzULosDoYRY9X4aH3At6qRg_k", "expire_date": "2021-05-29T15:06:47.539Z"}}, {"model": "sites.site", "pk": 1, "fields": {"domain": "woodford3d.example.com", "name": "Woodford 3D"}}, {"model": "account.emailaddress", "pk": 1, "fields": {"user": 1, "email": "seangilleece@gmail.com", "verified": true, "primary": true}}, {"model": "account.emailaddress", "pk": 2, "fields": {"user": 2, "email": "fake@mail.com", "verified": true, "primary": true}}, {"model": "account.emailaddress", "pk": 3, "fields": {"user": 3, "email": "reuben.ferrante@gmail.com", "verified": true, "primary": true}}, {"model": "products.product", "pk": 1, "fields": {"name": "3D Map of Ireland", "description": "This beautiful print is based on NASA topgraphical data, giving an accurate elevation map of the entire country. Makes a wonderful gift and fits well into any home.", "has_colors": false, "price": "18.00", "image": "ireland_map.jpg"}}, {"model": "products.product", "pk": 2, "fields": {"name": "Moon Lamp", "description": "This moon lamp is based on NASA satellite imagery, giving as accurate as possible of a representation of our moon. You can see the detail of the moon like never before! This lamp gradually shifts through multiple colours. Requires 3 AAA batteries (not included).", "has_colors": false, "price": "25.00", "image": "moon_lamp.jpg"}}, {"model": "products.product", "pk": 3, "fields": {"name": "Collosal Titan Monitor Accessory", "description": "Great for any attack on titan fan that wants to add some flair to their computer space. This model sits stably on any monitor and replicates the famous scene from the opening of the series.\r\n\r\nPlease note: This print comes unpainted and in a solid red colour. The white and eyes will need to be painted in by the customer themselves. Any standard model paint, like acrylic, will work well.", "has_colors": false, "price": "20.00", "image": "attact_on_titan.jpg"}}, {"model": "products.product", "pk": 4, "fields": {"name": "Drogon Lamp", "description": "This lamp makes a wonderful gift for any fantasy or Game of Thrones lover. Drogon hovers over the glowing light coming from the flame he is breathing out (don't worry, it's just low power LEDs!!). Powered via USB.\r\n\r\nYou can choose any colour you like for the dragon.", "has_colors": true, "price": "25.00", "image": "drogon_lamp.jpg"}}, {"model": "products.product", "pk": 5, "fields": {"name": "Minas Tirith Lamp", "description": "A perfect gift for any Lord of the Rings or fantasy fan. The white city of Minas Tirish, from Return of the King, is printed here in beautiful detail which looks simply stunning when the lamp is turned on. Powered via USB.", "has_colors": false, "price": "25.00", "image": "minas_tirith_lamp.jpg"}}, {"model": "products.product", "pk": 6, "fields": {"name": "Meander Lamp", "description": "This Greek style meander lamp is beautiful when placed in a location such as a corner, where it's can patterns can truly shine (pun not intended). This design is both practical and visually appealing. Powered via USB.\r\n\r\nAvailable in any colour that we offer, although black is recommended for the best effect.", "has_colors": true, "price": "25.00", "image": "meander_lamp.jpg"}}, {"model": "products.product", "pk": 7, "fields": {"name": "Minecraft Lamp", "description": "Bring a piece of your imagination from Minecraft into the real world! These lamps are based on the diamond ore block. Powered via USB.", "has_colors": false, "price": "22.00", "image": "minecraft_lamp.jpg"}}, {"model": "products.product", "pk": 8, "fields": {"name": "Staircase Dice Tower", "description": "This wonderful accessory for any table-top gamer comes in its own case, with ample space to store your dice inside! Simple take out the pieces that clip together in 2 seconds and you have a fully functional dice tower! Comes in any choice of our available colours.", "has_colors": true, "price": "20.00", "image": "staircase_dice_tower.jpg"}}, {"model": "products.product", "pk": 9, "fields": {"name": "Book Ring", "description": "For those that enjoy reading books but want to have a free hand! This useful little device lets you comfortably read a book with one hand, and helps you avoid damaging the book. Available in any color we offer.", "has_colors": true, "price": "2.00", "image": "book_ring.jpg"}}, {"model": "products.product", "pk": 10, "fields": {"name": "Keep Dice Tower", "description": "This dice tower, based on a castle keep, makes for a lovely addition to any table-top gamer's collection. It can even double as a set piece for world building! Available in any color we offer.", "has_colors": true, "price": "15.00", "image": "dice_tower.jpg"}}, {"model": "products.product", "pk": 11, "fields": {"name": "Joycon Grips", "description": "A great accessory for the switch owner that enjoys playing with friends often. Save your hands from cramping and make the usage of a single joy con much more comfortable! Available in any color we offer.", "has_colors": true, "price": "12.00", "image": "joycon_grips.jpg"}}, {"model": "products.product", "pk": 12, "fields": {"name": "Hexagon Wall Lamp", "description": "This beautiful wall lamp can shift colours and patterns, making for a stunning addition to any room that it's placed in. Please note that orders for this product can take up to 2 weeks to ship, as each are made to order and involve 50+ hours of 3D printing.", "has_colors": false, "price": "89.00", "image": "hexagon_LED_wall_lamp.jpg"}}, {"model": "about.contact", "pk": 1, "fields": {"email": "seangilleece@gmail.com", "subject": "Your post in Oculusquest", "message": "sdfsdfsdf"}}, {"model": "about.contact", "pk": 2, "fields": {"email": "seangilleece@gmail.com", "subject": "MPS 80-PB 버스킹 스피커", "message": "asdasdasdasdasd"}}, {"model": "about.contact", "pk": 3, "fields": {"email": "seangilleece@gmail.com", "subject": "MPS 80-PB 버스킹 스피커", "message": "asdasdasdasdasd"}}, {"model": "about.contact", "pk": 4, "fields": {"email": "seangilleece@gmail.com", "subject": "Syncing clock with Native Instruments Maschine as master?", "message": "asasdasdasdasdasd"}}, {"model": "about.contact", "pk": 5, "fields": {"email": "test@nonsense.com", "subject": "MPS 80-PB 버스킹 스피커", "message": "asdasdasd"}}, {"model": "about.contact", "pk": 6, "fields": {"email": "test@nonsense.com", "subject": "MPS 80-PB 버스킹 스피커", "message": "asdasdasdasdasdiiiiiiii"}}, {"model": "about.contact", "pk": 7, "fields": {"email": "test@nonsense.com", "subject": "Syncing clock with Native Instruments Maschine as master?", "message": "321321321321"}}, {"model": "about.contact", "pk": 8, "fields": {"email": "test@nonsense.com", "subject": "Any chance I could get my ingame name \"SmallBaguette\" as flair?", "message": "asdasdasd"}}, {"model": "about.contact", "pk": 9, "fields": {"email": "test@nonsense.com", "subject": "Syncing clock with Native Instruments Maschine as master?", "message": "rthrthrthrthrth"}}, {"model": "about.contact", "pk": 10, "fields": {"email": "test@nonsense.com", "subject": "MPS 80-PB 버스킹 스피커", "message": "rtrtrghrghrghrghrgh"}}, {"model": "about.contact", "pk": 11, "fields": {"email": "test@nonsense.com", "subject": "MPS 80-PB 버스킹 스피커", "message": "ghghjghjghjghj"}}, {"model": "about.contact", "pk": 12, "fields": {"email": "test@nonsense.com", "subject": "Any chance I could get my ingame name \"SmallBaguette\" as flair?", "message": "ghjghjghjghj"}}, {"model": "checkout.order", "pk": 6, "fields": {"order_number": "0185F531A4D446BD9A7480E6541A20F6", "user_profile": null, "full_name": "Sean Gilleece", "email": "seangilleece@gmail.com", "phone_number": "0852281359", "country": "IE", "postcode": "H14 TF30", "town_or_city": "Cavan", "street_address1": "Daisyhill", "street_address2": null, "county": "IE", "date": "2021-05-17T18:02:42.583Z", "delivery_cost": "6.00", "order_total": "18.00", "grand_total": "24.00", "original_bag": "", "stripe_pid": ""}}, {"model": "checkout.order", "pk": 7, "fields": {"order_number": "ED05C33F46FF485AB46ACE441DABA5B1", "user_profile": null, "full_name": "Sean Gilleece", "email": "seangilleece@gmail.com", "phone_number": "0852281359", "country": "IE", "postcode": "H14 TF30", "town_or_city": "Cavan", "street_address1": "Daisyhill", "street_address2": null, "county": "Ireland", "date": "2021-05-17T18:22:42.661Z", "delivery_cost": "6.00", "order_total": "25.00", "grand_total": "31.00", "original_bag": "{\"2\": 1}", "stripe_pid": "pi_1IsB5GDl6m2OBKiktNwhosiC"}}, {"model": "checkout.order", "pk": 8, "fields": {"order_number": "E9712DCF358043C7B558319EBDD37A74", "user_profile": null, "full_name": "Sean Gilleece", "email": "seangilleece@gmail.com", "phone_number": "0852281359", "country": "IE", "postcode": "H14 TF30", "town_or_city": "Cavan", "street_address1": "Daisyhill", "street_address2": null, "county": "Ireland", "date": "2021-05-17T18:29:15.603Z", "delivery_cost": "0.00", "order_total": "250.00", "grand_total": "250.00", "original_bag": "{\"4\": {\"items_by_color\": {\"white\": 10}}}", "stripe_pid": "pi_1IsBBaDl6m2OBKikv9U9cWOj"}}, {"model": "checkout.order", "pk": 9, "fields": {"order_number": "1DBECBA7094C4EFB991085390674FD4B", "user_profile": null, "full_name": "Sean Gilleece", "email": "seangilleece@gmail.com", "phone_number": "0852281359", "country": "IE", "postcode": "H14 TF30", "town_or_city": "Cavan", "street_address1": "Daisyhill", "street_address2": null, "county": "Ireland", "date": "2021-05-17T18:31:11.997Z", "delivery_cost": "0.00", "order_total": "110.00", "grand_total": "110.00", "original_bag": "{\"7\": 5}", "stripe_pid": "pi_1IsBDRDl6m2OBKikqjW6Y3vf"}}, {"model": "checkout.order", "pk": 10, "fields": {"order_number": "7FE584AF584742E5A6424DFF59FBBFB5", "user_profile": 1, "full_name": "Sean Gilleece", "email": "seangilleece@gmail.com", "phone_number": "0852281359", "country": "IE", "postcode": "H14 TF30", "town_or_city": "Cavan", "street_address1": "Daisyhill", "street_address2": null, "county": "Ireland", "date": "2021-05-18T12:34:29.873Z", "delivery_cost": "6.00", "order_total": "18.00", "grand_total": "24.00", "original_bag": "{\"1\": 1}", "stripe_pid": "pi_1IsS7nDl6m2OBKikfFzBe0Ff"}}, {"model": "checkout.order", "pk": 11, "fields": {"order_number": "A5D3221A51BF4E469FCE5960E65F7A23", "user_profile": 1, "full_name": "Sean Gilleece", "email": "seangilleece@gmail.com", "phone_number": "0852281359", "country": "IE", "postcode": "H14 TF30", "town_or_city": "Cavan", "street_address1": "Daisyhill", "street_address2": null, "county": "Ireland", "date": "2021-05-18T12:48:56.047Z", "delivery_cost": "6.00", "order_total": "25.00", "grand_total": "31.00", "original_bag": "{\"2\": 1}", "stripe_pid": "pi_1IsSLoDl6m2OBKikVuWcYYqR"}}, {"model": "checkout.order", "pk": 12, "fields": {"order_number": "CA99539859A04901AA9CCC263271020C", "user_profile": 1, "full_name": "Sean Gilleece", "email": "seangilleece@gmail.com", "phone_number": "0852281359", "country": "IE", "postcode": "H14 TF30", "town_or_city": "Cavan", "street_address1": "Daisyhill", "street_address2": null, "county": "Ireland", "date": "2021-05-18T14:22:48.023Z", "delivery_cost": "6.00", "order_total": "20.00", "grand_total": "26.00", "original_bag": "{\"3\": 1}", "stripe_pid": "pi_1IsToaDl6m2OBKikTflWhcop"}}, {"model": "checkout.order", "pk": 13, "fields": {"order_number": "86C223493599454A834EDD09E160FBDE", "user_profile": null, "full_name": "Reuben Ferrante", "email": "reuben.ferrante@gmail.com", "phone_number": "+35679332700", "country": "MT", "postcode": "RBT3049", "town_or_city": "Rabat", "street_address1": "18, Starlet, Antonio Nani Street", "street_address2": null, "county": null, "date": "2021-05-18T14:23:34.976Z", "delivery_cost": "0.00", "order_total": "75.00", "grand_total": "75.00", "original_bag": "{\"4\": {\"items_by_color\": {\"blue\": 3}}}", "stripe_pid": "pi_1IsTp5Dl6m2OBKik42CiwO7H"}}, {"model": "checkout.order", "pk": 14, "fields": {"order_number": "ADABB1CD510746B688B472263E07FA2A", "user_profile": 1, "full_name": "Sean Gilleece", "email": "seangilleece@gmail.com", "phone_number": "0852281359", "country": "IE", "postcode": "H14 TF30", "town_or_city": "Cavan", "street_address1": "Daisyhill", "street_address2": null, "county": "Ireland", "date": "2021-05-19T14:15:22.438Z", "delivery_cost": "6.00", "order_total": "43.00", "grand_total": "49.00", "original_bag": "{\"1\": 1, \"4\": {\"items_by_color\": {\"green\": 1}}}", "stripe_pid": "pi_1IsqB1Dl6m2OBKikICAWbRPu"}}, {"model": "checkout.order", "pk": 15, "fields": {"order_number": "2E1C93EE92E8477EBFBC3340B88E1A87", "user_profile": null, "full_name": "Sean Gilleece", "email": "seangilleece@gmail.com", "phone_number": "0852281359", "country": "IE", "postcode": "H14 TF30", "town_or_city": "Cavan", "street_address1": "Daisyhill", "street_address2": null, "county": "Ireland", "date": "2021-05-19T19:26:58.036Z", "delivery_cost": "0.00", "order_total": "93.00", "grand_total": "93.00", "original_bag": "{\"1\": 1, \"2\": 1, \"4\": {\"items_by_color\": {\"white\": 1}}, \"6\": {\"items_by_color\": {\"black\": 1}}}", "stripe_pid": "pi_1Isv2IDl6m2OBKikcJJqx9j0"}}, {"model": "checkout.order", "pk": 16, "fields": {"order_number": "EB1FB8EE6110414BB5F394C87B3E6723", "user_profile": null, "full_name": "Senan", "email": "hgdofd@stpats.ie", "phone_number": "09949903", "country": "LU", "postcode": null, "town_or_city": "feegfd", "street_address1": "dsjdn", "street_address2": null, "county": null, "date": "2021-05-19T21:28:37.057Z", "delivery_cost": "6.00", "order_total": "2.00", "grand_total": "8.00", "original_bag": "{\"9\": {\"items_by_color\": {\"white\": 1}}}", "stripe_pid": "pi_1IswuSDl6m2OBKikGGLKXE9a"}}, {"model": "checkout.orderlineitem", "pk": 8, "fields": {"order": 6, "product": 1, "product_color": null, "quantity": 1, "lineitem_total": "18.00"}}, {"model": "checkout.orderlineitem", "pk": 9, "fields": {"order": 7, "product": 2, "product_color": null, "quantity": 1, "lineitem_total": "25.00"}}, {"model": "checkout.orderlineitem", "pk": 10, "fields": {"order": 8, "product": 4, "product_color": "white", "quantity": 10, "lineitem_total": "250.00"}}, {"model": "checkout.orderlineitem", "pk": 11, "fields": {"order": 9, "product": 7, "product_color": null, "quantity": 5, "lineitem_total": "110.00"}}, {"model": "checkout.orderlineitem", "pk": 12, "fields": {"order": 10, "product": 1, "product_color": null, "quantity": 1, "lineitem_total": "18.00"}}, {"model": "checkout.orderlineitem", "pk": 13, "fields": {"order": 11, "product": 2, "product_color": null, "quantity": 1, "lineitem_total": "25.00"}}, {"model": "checkout.orderlineitem", "pk": 14, "fields": {"order": 12, "product": 3, "product_color": null, "quantity": 1, "lineitem_total": "20.00"}}, {"model": "checkout.orderlineitem", "pk": 15, "fields": {"order": 13, "product": 4, "product_color": "blue", "quantity": 3, "lineitem_total": "75.00"}}, {"model": "checkout.orderlineitem", "pk": 16, "fields": {"order": 14, "product": 1, "product_color": null, "quantity": 1, "lineitem_total": "18.00"}}, {"model": "checkout.orderlineitem", "pk": 17, "fields": {"order": 14, "product": 4, "product_color": "green", "quantity": 1, "lineitem_total": "25.00"}}, {"model": "checkout.orderlineitem", "pk": 18, "fields": {"order": 15, "product": 1, "product_color": null, "quantity": 1, "lineitem_total": "18.00"}}, {"model": "checkout.orderlineitem", "pk": 19, "fields": {"order": 15, "product": 2, "product_color": null, "quantity": 1, "lineitem_total": "25.00"}}, {"model": "checkout.orderlineitem", "pk": 20, "fields": {"order": 15, "product": 4, "product_color": "white", "quantity": 1, "lineitem_total": "25.00"}}, {"model": "checkout.orderlineitem", "pk": 21, "fields": {"order": 15, "product": 6, "product_color": "black", "quantity": 1, "lineitem_total": "25.00"}}, {"model": "checkout.orderlineitem", "pk": 22, "fields": {"order": 16, "product": 9, "product_color": "white", "quantity": 1, "lineitem_total": "2.00"}}, {"model": "profiles.userprofile", "pk": 1, "fields": {"user": 1, "default_phone_number": "0852281359", "default_street_address1": "Daisyhill", "default_street_address2": null, "default_town_or_city": "Cavan", "default_county": "Ireland", "default_postcode": "H14 TF30", "default_country": "IE"}}, {"model": "profiles.userprofile", "pk": 2, "fields": {"user": 2, "default_phone_number": "0871231234", "default_street_address1": "Black Road", "default_street_address2": null, "default_town_or_city": "Morning Town", "default_county": "Cavan", "default_postcode": "h12TT44", "default_country": "IE"}}, {"model": "profiles.userprofile", "pk": 3, "fields": {"user": 3, "default_phone_number": null, "default_street_address1": null, "default_street_address2": null, "default_town_or_city": null, "default_county": null, "default_postcode": null, "default_country": null}}, {"model": "profiles.userprofile", "pk": 4, "fields": {"user": 4, "default_phone_number": null, "default_street_address1": null, "default_street_address2": null, "default_town_or_city": null, "default_county": null, "default_postcode": null, "default_country": null}}, {"model": "blog.post", "pk": 1, "fields": {"title": "Test blog", "url": "test-blog", "publish": "2021-05-20T13:43:30Z", "author": 1, "content": "Lorem ipsum dolor sit amet, consectetur adipiscing elit, sed do eiusmod tempor incididunt ut labore et dolore magna aliqua. Ut enim ad minim veniam, quis nostrud exercitation ullamco laboris nisi ut aliquip ex ea commodo consequat. Duis aute irure dolor in reprehenderit in voluptate velit esse cillum dolore eu fugiat nulla pariatur. Excepteur sint occaecat cupidatat non proident, sunt in culpa qui officia deserunt mollit anim id est laborum.", "status": "published", "image": "minecraft_lamp_8jLGsT8.jpg"}}, {"model": "blog.post", "pk": 2, "fields": {"title": "Test draft", "url": "test-draft", "publish": "2021-05-20T13:43:45Z", "author": 1, "content": "Lorem ipsum dolor sit amet, consectetur adipiscing elit, sed do eiusmod tempor incididunt ut labore et dolore magna aliqua. Ut enim ad minim veniam, quis nostrud exercitation ullamco laboris nisi ut aliquip ex ea commodo consequat. Duis aute irure dolor in reprehenderit in voluptate velit esse cillum dolore eu fugiat nulla pariatur. Excepteur sint occaecat cupidatat non proident, sunt in culpa qui officia deserunt mollit anim id est laborum.", "status": "draft", "image": "home_image_eYYzlQT.png"}}, {"model": "blog.post", "pk": 3, "fields": {"title": "test blog 2", "url": "test-blog-2", "publish": "2021-05-20T15:11:45Z", "author": 1, "content": "Lorem ipsum ladlalalalalalalaLorem ipsum ladlalalalalalalaLorem ipsum ladlalalalalalalaLorem ipsum ladlalalalalalalaLorem ipsum ladlalalalalalalaLorem ipsum ladlalalalalalalaLorem ipsum ladlalalalalalalaLorem ipsum ladlalalalalalalaLorem ipsum ladlalalalalalalaLorem ipsum ladlalalalalalalaLorem ipsum ladlalalalalalalaLorem ipsum ladlalalalalalalaLorem ipsum ladlalalalalalalaLorem ipsum ladlalalalalalalaLorem ipsum ladlalalalalalalaLorem ipsum ladlalalalalalalaLorem ipsum ladlalalalalalalaLorem ipsum ladlalalalalalalaLorem ipsum ladlalalalalalalaLorem ipsum ladlalalalalalalaLorem ipsum ladlalalalalalalaLorem ipsum ladlalalalalalalaLorem ipsum ladlalalalalalalaLorem ipsum ladlalalalalalala", "status": "published", "image": "ireland_map_kwyntTa.jpg"}}, {"model": "blog.post", "pk": 4, "fields": {"title": "1 hour - Video Conversation", "url": "asd", "publish": "2021-05-20T15:51:48Z", "author": 1, "content": "Lorem ipsum Lorem ipsum Lorem ipsum Lorem ipsum Lorem ipsum Lorem ipsum Lorem ipsum Lorem ipsum Lorem ipsum Lorem ipsum Lorem ipsum Lorem ipsum Lorem ipsum Lorem ipsum Lorem ipsum Lorem ipsum Lorem ipsum Lorem ipsum Lorem ipsum Lorem ipsum Lorem ipsum Lorem ipsum Lorem ipsum Lorem ipsum Lorem ipsum Lorem ipsum Lorem ipsum Lorem ipsum Lorem ipsum Lorem ipsum Lorem ipsum Lorem ipsum Lorem ipsum Lorem ipsum Lorem ipsum Lorem ipsum Lorem ipsum Lorem ipsum Lorem ipsum Lorem ipsum Lorem ipsum Lorem ipsum Lorem ipsum Lorem ipsum Lorem ipsum Lorem ipsum Lorem ipsum Lorem ipsum Lorem ipsum Lorem ipsum Lorem ipsum Lorem ipsum Lorem ipsum Lorem ipsum Lorem ipsum Lorem ipsum Lorem ipsum Lorem ipsum Lorem ipsum Lorem ipsum Lorem ipsum Lorem ipsum Lorem ipsum Lorem ipsum Lorem ipsum Lorem ipsum Lorem ipsum Lorem ipsum", "status": "published", "image": "chainprint1.PNG"}}, {"model": "blog.post", "pk": 5, "fields": {"title": "Sym VS125 scooter with accessories", "url": "Lorem", "publish": "2021-05-20T15:52:41Z", "author": 1, "content": "Lorem ipsum Lorem ipsum Lorem ipsum Lorem ipsum Lorem ipsum Lorem ipsum Lorem ipsum Lorem ipsum Lorem ipsum Lorem ipsum Lorem ipsum Lorem ipsum Lorem ipsum Lorem ipsum Lorem ipsum Lorem ipsum Lorem ipsum Lorem ipsum Lorem ipsum Lorem ipsum Lorem ipsum Lorem ipsum Lorem ipsum Lorem ipsum Lorem ipsum Lorem ipsum Lorem ipsum Lorem ipsum Lorem ipsum Lorem ipsum Lorem ipsum Lorem ipsum Lorem ipsum Lorem ipsum Lorem ipsum Lorem ipsum Lorem ipsum Lorem ipsum Lorem ipsum Lorem ipsum Lorem ipsum Lorem ipsum Lorem ipsum Lorem ipsum Lorem ipsum Lorem ipsum Lorem ipsum Lorem ipsum Lorem ipsum Lorem ipsum Lorem ipsum Lorem ipsum", "status": "published", "image": "asdasd.jpg"}}, {"model": "marketing.signup", "pk": 1, "fields": {"email": "bread@sandwich.com", "timestamp": "2021-05-21T19:24:27.509Z"}}]